Cell,Elevation,Times Changed Hands
0,917,5
1,644,5
2,300,37
3,233,26
4,147,13
5,639,51
6,603,29
7,463,12
8,80,49
9,990,4
10,618,21
11,373,35
12,282,18
13,31,28
14,737,8
15,915,4
16,383,3
17,319,6
18,1401,3
19,1140,6
20,839,3
21,731,7
22,138,3
23,1194,4
24,999,2
25,1109,6
26,480,9
27,1347,3
28,1169,5
29,1240,3
30,996,8
31,1295,3
32,908,3
33,1227,4
34,574,7
35,631,4
36,710,2
37,1094,4
38,993,5
39,651,3
40,940,3
41,1132,4
42,258,2
43,612,2
44,565,4
45,728,3
46,231,2
47,422,2
48,431,2
49,116,2
50,89,2
51,38,2
52,64,2
53,1028,4
54,306,3
55,745,3
56,486,4
57,486,5
58,252,3
59,262,2
60,1,4
61,227,3
62,110,2
63,203,4
64,9,7
65,342,3
66,18,3
67,34,2
68,328,2
69,100,8
70,179,2
71,496,3
72,376,5
73,109,2
74,166,2
75,607,4
76,505,3
77,336,2
78,391,4
79,204,2
80,414,3
81,85,4
82,248,2
83,38,9
84,1,2
85,152,2
86,91,2
87,152,3
88,25,2
89,284,3
90,129,6
91,113,3
92,86,2
93,280,5
94,189,3
95,59,2
96,51,4
97,168,2
98,115,6
99,138,2
100,242,3
101,52,2
102,60,3
103,302,3
104,214,3
105,71,5
106,13,4
107,190,4
108,142,5
109,1,2
110,27,2
111,136,5
112,160,2
113,203,3
114,1,3
115,21,2
116,102,3
117,131,2
118,269,2
119,101,5
120,100,3
121,77,2
122,1,2
123,131,8
124,11,3
125,24,2
126,57,9
127,63,3
128,145,4
129,26,3
130,38,4
131,82,5
132,1,4
133,33,3
134,96,7
135,2,5
136,54,4
137,236,3
138,363,4
139,209,4
140,41,3
141,1,3
142,60,7
143,132,3
144,90,3
145,53,2
146,3,5
147,1,4
148,159,5
149,97,2
150,82,2
151,290,6
152,120,6
153,35,5
154,44,4
155,115,3
156,86,4
157,87,3
158,220,5
159,143,3
160,1,8
161,192,4
162,100,3
163,1,3
164,341,3
165,84,6
166,32,8
167,50,9
168,198,3
169,79,2
170,165,3
171,65,3
172,99,2
173,67,3
174,295,4
175,96,2
176,67,2
177,144,8
178,90,2
179,12,7
180,16,4
181,122,6
182,119,2
183,19,18
184,2,5
185,278,5
186,145,3
187,60,4
188,29,3
189,5,29
190,195,3
191,37,5
192,128,2
193,109,5
194,61,2
195,7,33
196,131,4
197,78,4
198,148,4
199,34,3
200,52,4
201,21,3
202,125,14
203,206,4
204,209,4
205,17,3
206,1,5
207,75,7
208,181,7
209,215,3
210,73,3
211,171,3
212,178,5
213,102,3
214,189,7
215,86,5
216,156,5
217,180,3
218,65,7
219,99,3
220,97,5
221,87,3
222,69,3
223,32,6
224,37,15
225,83,3
226,16,7
227,100,5
228,110,6
229,14,33
230,1,2
231,114,3
232,1,5
233,127,2
234,541,3
235,521,3
236,268,5
237,1,5
238,1,7
239,370,4
240,684,5
241,465,7
242,642,7
243,379,9
244,289,5
245,481,7
246,1380,3
247,1310,4
248,793,5
249,648,2
250,1123,6
251,1116,8
252,1008,5
253,758,9
254,206,4
255,651,6
256,1092,8
257,931,9
258,974,4
259,739,3
260,1590,2
261,764,16
262,797,13
263,404,3
264,757,5
265,808,3
266,772,10
267,885,12
268,929,3
269,696,9
270,721,8
271,852,9
272,302,6
273,480,4
274,725,14
275,712,15
276,478,2
277,649,7
278,785,7
279,863,7
280,541,6
281,358,10
282,798,12
283,827,8
284,631,5
285,769,11
286,871,7
287,229,3
288,758,4
289,942,6
290,1208,4
291,60,6
292,500,6
293,841,7
294,1566,4
295,626,3
296,367,5
297,510,6
298,209,3
299,241,8
300,406,14
301,379,10
302,202,4
303,215,4
304,393,5
305,587,8
306,166,7
307,477,4
308,405,3
309,29,4
310,186,7
311,290,9
312,412,19
313,176,3
314,209,7
315,286,5
316,72,6
317,252,4
318,396,13
319,143,8
320,415,6
321,556,9
322,181,3
323,199,6
324,568,5
325,172,12
326,559,8
327,203,5
328,197,9
329,332,9
330,243,3
331,99,12
332,53,2
333,151,3
334,231,11
335,239,5
336,864,4
337,515,6
338,179,7
339,845,3
340,1047,4
341,416,2
342,185,6
343,18,3
344,17,19
345,516,9
346,519,9
347,510,10
348,651,13
349,1137,8
350,930,13
351,927,8
352,604,7
353,10,26
354,180,6
355,66,13
356,157,5
357,142,8
358,135,5
359,118,7
360,26,10
361,0,12
362,3,5
363,1,4
364,21,11
365,8,6
366,4,6
367,568,5
368,1045,2
369,382,5
370,1682,4
371,373,5
372,394,8
373,241,2
374,41,21
375,78,21
376,593,7
377,596,10
378,588,6
379,665,10
380,1338,4
381,1165,4
382,685,6
383,269,3
384,22,9
385,88,27
386,94,37
387,140,5
388,160,4
389,99,7
390,126,9
391,55,8
392,20,12
393,-1,7
394,-3,8
395,-1,6
396,55,8
397,60,6
398,15,6
399,541,2
400,342,9
401,666,3
402,1234,3
403,422,4
404,2105,4
405,520,3
406,312,2
407,202,6
408,139,1
409,131,19
410,534,16
411,632,6
412,510,19
413,801,7
414,1060,9
415,1448,3
416,787,4
417,12,11
418,45,4
419,14,18
420,91,15
421,126,26
422,118,19
423,115,7
424,149,6
425,103,5
426,77,11
427,61,13
428,7,17
429,0,8
430,-4,4
431,4,5
432,1,6
433,63,7
434,59,6
435,442,4
436,513,4
437,270,6
438,628,5
439,1552,2
440,736,6
441,769,5
442,439,7
443,686,2
444,341,4
445,27,4
446,111,1
447,598,2
448,268,3
449,422,28
450,692,8
451,804,5
452,667,17
453,919,5
454,1022,5
455,379,9
456,635,7
457,43,6
458,66,4
459,92,12
460,150,7
461,116,19
462,108,20
463,112,9
464,80,10
465,134,8
466,169,13
467,104,10
468,20,5
469,9,5
470,2,10
471,-3,6
472,1,4
473,35,12
474,55,10
475,27,17
476,518,3
477,501,2
478,293,5
479,878,4
480,1627,2
481,1957,6
482,749,7
483,338,3
484,804,3
485,276,4
486,12,3
487,254,3
488,544,3
489,521,7
490,625,16
491,617,12
492,711,13
493,761,19
494,1081,5
495,826,4
496,618,7
497,214,5
498,104,5
499,78,3
500,173,11
501,275,5
502,147,14
503,131,10
504,97,7
505,146,5
506,96,21
507,219,12
508,35,8
509,22,5
510,10,4
511,17,6
512,8,4
513,8,13
514,460,2
515,466,4
516,542,3
517,316,4
518,988,2
519,1690,2
520,2209,3
521,663,5
522,653,1
523,608,4
524,194,1
525,250,1
526,98,4
527,688,1
528,694,3
529,763,4
530,650,28
531,904,12
532,1184,3
533,751,9
534,394,11
535,1228,4
536,149,7
537,121,4
538,120,24
539,377,16
540,282,11
541,133,28
542,157,7
543,84,6
544,188,5
545,230,9
546,233,9
547,36,8
548,18,7
549,25,8
550,26,5
551,1,18
552,21,22
553,11,23
554,424,2
555,476,3
556,498,2
557,353,2
558,850,2
559,1613,9
560,2200,2
561,592,3
562,817,3
563,397,4
564,139,3
565,1124,2
566,958,7
567,546,15
568,817,5
569,818,15
570,1040,9
571,1149,12
572,295,14
573,802,9
574,749,6
575,163,3
576,116,21
577,242,19
578,514,7
579,263,18
580,230,7
581,124,10
582,86,10
583,161,7
584,387,6
585,242,5
586,51,6
587,71,5
588,59,5
589,17,7
590,3,22
591,15,6
592,36,8
593,446,2
594,454,3
595,485,3
596,534,2
597,402,2
598,1451,3
599,1170,5
600,2177,5
601,1336,11
602,1113,2
603,561,4
604,557,3
605,1171,2
606,1078,15
607,710,4
608,853,6
609,990,8
610,1448,5
611,861,4
612,345,11
613,1370,4
614,331,11
615,109,6
616,186,7
617,458,14
618,486,14
619,226,40
620,233,6
621,163,8
622,119,13
623,230,11
624,448,5
625,240,5
626,114,5
627,52,5
628,37,9
629,19,5
630,21,22
631,1,9
632,11,20
633,426,3
634,390,3
635,494,4
636,426,8
637,487,4
638,1372,5
639,1616,4
640,2025,6
641,1180,2
642,1442,3
643,261,6
644,1422,2
645,2330,1
646,1251,5
647,1289,3
648,711,17
649,1257,7
650,1253,11
651,235,13
652,492,8
653,1265,5
654,197,3
655,196,9
656,335,20
657,738,10
658,477,10
659,232,21
660,278,13
661,216,7
662,279,6
663,330,8
664,498,5
665,69,9
666,94,8
667,107,9
668,22,12
669,57,7
670,45,7
671,6,20
672,28,12
673,31,28
674,420,3
675,365,6
676,530,4
677,728,3
678,951,3
679,1171,7
680,2304,3
681,2108,3
682,1843,2
683,1162,4
684,493,5
685,308,1
686,1140,22
687,1493,2
688,704,17
689,872,11
690,1094,12
691,794,10
692,293,13
693,1166,5
694,401,8
695,150,13
696,338,10
697,760,13
698,468,13
699,240,13
700,585,5
701,295,9
702,305,8
703,254,9
704,261,12
705,293,9
706,402,6
707,96,9
708,55,9
709,81,5
710,41,26
711,12,13
712,413,3
713,428,3
714,401,6
715,590,4
716,508,6
717,1129,2
718,1776,5
719,2015,1
720,1767,4
721,2017,2
722,910,8
723,1300,3
724,1236,2
725,1177,5
726,494,11
727,868,8
728,680,17
729,1294,5
730,204,17
731,504,4
732,2250,4
733,274,9
734,321,9
735,612,10
736,930,6
737,481,7
738,365,11
739,507,9
740,404,5
741,239,11
742,268,15
743,459,6
744,426,5
745,633,4
746,234,5
747,62,9
748,55,7
749,50,6
750,96,11
751,394,3
752,426,4
753,484,3
754,659,6
755,615,7
756,918,3
757,1258,2
758,1597,1
759,1417,5
760,1856,3
761,602,2
762,457,2
763,844,17
764,886,3
765,740,9
766,696,11
767,703,10
768,913,6
769,313,11
770,878,7
771,755,9
772,202,10
773,668,14
774,910,7
775,838,9
776,390,13
777,276,14
778,267,16
779,334,14
780,257,14
781,437,6
782,367,5
783,318,4
784,280,4
785,177,10
786,62,7
787,29,26
788,19,10
789,63,14
790,327,2
791,411,2
792,509,5
793,694,4
794,715,4
795,890,1
796,987,3
797,1662,2
798,1026,1
799,1387,2
800,886,2
801,183,1
802,190,12
803,143,21
804,517,5
805,28,24
806,340,5
807,283,6
808,342,4
809,1738,4
810,342,7
811,716,7
812,816,14
813,924,11
814,404,14
815,192,33
816,205,24
817,255,20
818,295,8
819,315,8
820,264,10
821,297,10
822,259,12
823,200,6
824,110,7
825,40,16
826,58,5
827,3,14
828,373,4
829,367,2
830,434,4
831,598,5
832,549,12
833,873,3
834,745,2
835,1050,4
836,1813,2
837,863,5
838,595,6
839,341,3
840,394,5
841,136,12
842,199,10
843,535,4
844,1418,6
845,79,14
846,748,9
847,1247,7
848,1012,6
849,280,40
850,499,10
851,382,9
852,680,4
853,558,5
854,377,5
855,111,15
856,418,9
857,316,8
858,689,5
859,92,5
860,67,8
861,14,6
862,1,20
863,354,2
864,414,4
865,456,2
866,586,6
867,663,3
868,745,3
869,821,4
870,1193,3
871,1244,2
872,1191,7
873,657,7
874,75,1
875,19,10
876,200,4
877,251,6
878,747,4
879,143,12
880,267,9
881,546,19
882,799,7
883,244,39
884,572,19
885,920,7
886,461,12
887,186,8
888,127,12
889,103,8
890,290,4
891,513,10
892,282,4
893,108,11
894,35,29
895,77,5
896,11,5
897,376,3
898,368,4
899,449,4
900,499,2
901,593,3
902,659,6
903,759,2
904,1005,2
905,1222,2
906,1541,2
907,1379,2
908,716,5
909,1,4
910,644,5
911,332,6
912,121,13
913,249,24
914,253,47
915,466,21
916,562,23
917,1030,9
918,369,14
919,471,6
920,292,13
921,394,8
922,275,16
923,603,5
924,203,7
925,85,8
926,47,7
927,15,9
928,380,4
929,374,6
930,433,2
931,495,5
932,567,6
933,680,2
934,951,2
935,945,1
936,1171,3
937,1194,1
938,1007,6
939,514,3
940,203,7
941,73,30
942,540,38
943,689,20
944,1006,12
945,740,25
946,776,10
947,964,5
948,499,9
949,372,12
950,312,9
951,333,7
952,334,7
953,75,15
954,36,21
955,89,6
956,1,8
957,385,6
958,405,2
959,440,4
960,509,7
961,559,2
962,789,2
963,957,2
964,1110,2
965,1319,1
966,1104,2
967,1163,3
968,367,1
969,176,1
970,187,37
971,1243,14
972,1244,15
973,2032,13
974,1192,12
975,484,13
976,725,6
977,468,9
978,447,10
979,309,6
980,605,8
981,122,12
982,95,8
983,64,7
984,21,5
985,446,3
986,379,6
987,427,3
988,467,2
989,555,3
990,682,2
991,800,2
992,805,2
993,1047,4
994,1237,1
995,1122,6
996,1097,4
997,181,1
998,1,3
999,69,24
1000,909,18
1001,2551,5
1002,2319,5
1003,1351,19
1004,1221,12
1005,454,14
1006,580,13
1007,602,5
1008,439,9
1009,457,10
1010,321,11
1011,119,9
1012,40,19
1013,20,11
1014,27,17
1015,460,2
1016,381,3
1017,422,3
1018,571,3
1019,570,3
1020,694,6
1021,637,4
1022,872,2
1023,1285,3
1024,1135,5
1025,1200,2
1026,792,4
1027,113,3
1028,402,0
1029,549,16
1030,1409,6
1031,1954,8
1032,1501,8
1033,2147,5
1034,1148,12
1035,401,19
1036,525,14
1037,514,6
1038,468,7
1039,600,8
1040,213,5
1041,85,7
1042,30,23
1043,50,17
1044,11,9
1045,426,8
1046,386,2
1047,433,2
1048,492,6
1049,640,2
1050,620,1
1051,800,1
1052,1437,2
1053,1300,2
1054,1045,1
1055,1178,2
1056,541,1
1057,218,3
1058,1,0
1059,444,11
1060,1314,6
1061,2278,6
1062,408,6
1063,1596,6
1064,2167,5
1065,1116,13
1066,774,13
1067,500,8
1068,481,6
1069,487,7
1070,552,6
1071,111,5
1072,56,9
1073,73,7
1074,133,9
1075,456,2
1076,405,5
1077,398,3
1078,458,4
1079,555,4
1080,579,4
1081,653,3
1082,816,1
1083,1193,5
1084,1268,5
1085,1062,1
1086,1165,3
1087,562,4
1088,322,4
1089,115,0
1090,535,7
1091,2006,5
1092,244,4
1093,174,8
1094,570,11
1095,1259,14
1096,1756,12
1097,717,14
1098,441,12
1099,400,15
1100,722,5
1101,412,6
1102,74,7
1103,36,19
1104,98,8
1105,514,4
1106,394,4
1107,396,2
1108,464,4
1109,636,2
1110,602,2
1111,706,2
1112,874,2
1113,1325,2
1114,1117,4
1115,1042,3
1116,1040,1
1117,607,2
1118,257,6
1119,649,5
1120,489,9
1121,223,8
1122,192,9
1123,971,10
1124,2247,6
1125,1445,9
1126,578,10
1127,393,12
1128,518,5
1129,324,12
1130,183,8
1131,59,7
1132,43,22
1133,149,7
1134,471,6
1135,373,1
1136,370,1
1137,565,2
1138,503,5
1139,679,4
1140,786,1
1141,968,4
1142,1283,2
1143,1096,2
1144,1052,6
1145,840,1
1146,582,4
1147,286,2
1148,699,5
1149,435,6
1150,106,4
1151,394,7
1152,2373,5
1153,1958,8
1154,1075,18
1155,482,7
1156,469,6
1157,429,4
1158,357,6
1159,147,9
1160,70,8
1161,77,14
1162,432,3
1163,378,1
1164,362,1
1165,529,2
1166,566,1
1167,604,2
1168,721,8
1169,830,4
1170,1061,2
1171,1284,3
1172,1091,4
1173,1051,2
1174,928,2
1175,484,3
1176,202,7
1177,320,8
1178,75,9
1179,1166,11
1180,1886,10
1181,1190,11
1182,475,17
1183,339,6
1184,463,6
1185,238,10
1186,245,10
1187,72,7
1188,90,8
1189,420,3
1190,347,1
1191,350,1
1192,437,1
1193,504,1
1194,627,4
1195,738,3
1196,862,2
1197,1043,2
1198,1303,3
1199,1048,1
1200,1129,2
1201,866,4
1202,440,1
1203,406,11
1204,83,9
1205,1273,7
1206,1913,8
1207,1114,13
1208,429,10
1209,975,5
1210,353,4
1211,329,8
1212,160,5
1213,70,16
1214,91,16
1215,377,3
1216,346,1
1217,337,1
1218,402,1
1219,402,1
1220,522,2
1221,612,4
1222,747,2
1223,743,8
1224,1071,1
1225,1392,2
1226,1082,3
1227,1137,2
1228,1107,2
1229,81,2
1230,35,14
1231,308,7
1232,1508,11
1233,2269,6
1234,929,10
1235,394,11
1236,447,14
1237,237,12
1238,447,5
1239,91,8
1240,100,7
1241,344,4
1242,325,1
1243,328,3
1244,374,1
1245,432,2
1246,548,3
1247,625,2
1248,765,3
1249,852,2
1250,1082,6
1251,1374,2
1252,954,5
1253,731,2
1254,873,1
1255,78,5
1256,667,6
1257,19,6
1258,473,9
1259,1979,9
1260,1519,11
1261,597,11
1262,817,6
1263,446,11
1264,359,6
1265,112,8
1266,106,8
1267,318,3
1268,337,2
1269,333,1
1270,378,1
1271,475,3
1272,553,2
1273,623,5
1274,735,2
1275,827,4
1276,1340,2
1277,1273,3
1278,876,4
1279,672,8
1280,746,4
1281,365,1
1282,33,10
1283,13,7
1284,540,9
1285,2047,9
1286,1156,9
1287,486,12
1288,444,8
1289,352,8
1290,564,6
1291,101,13
1292,88,28
1293,312,1
1294,310,2
1295,294,1
1296,303,1
1297,378,1
1298,501,2
1299,575,5
1300,659,2
1301,705,2
1302,859,4
1303,1265,2
1304,1121,2
1305,902,2
1306,773,2
1307,509,4
1308,1413,0
1309,1,0
1310,944,5
1311,7,12
1312,15,6
1313,1220,6
1314,1732,6
1315,630,11
1316,647,5
1317,517,10
1318,426,7
1319,121,18
1320,149,10
1321,304,1
1322,270,1
1323,254,3
1324,290,1
1325,410,5
1326,506,6
1327,557,4
1328,608,2
1329,729,4
1330,876,3
1331,922,1
1332,1069,3
1333,873,7
1334,1029,2
1335,780,2
1336,504,0
1337,0,0
1338,32,11
1339,181,8
1340,-2,4
1341,21,15
1342,1178,7
1343,1290,10
1344,379,10
1345,521,6
1346,540,10
1347,280,10
1348,181,10
1349,284,1
1350,213,3
1351,245,1
1352,260,3
1353,423,3
1354,512,3
1355,562,2
1356,625,2
1357,715,6
1358,847,3
1359,930,3
1360,1104,5
1361,531,1
1362,939,2
1363,1,2
1364,7,0
1365,257,6
1366,376,11
1367,-4,8
1368,599,14
1369,1397,5
1370,874,9
1371,551,8
1372,500,7
1373,633,6
1374,155,21
1375,159,13
1376,282,1
1377,180,1
1378,262,2
1379,269,1
1380,335,4
1381,465,2
1382,536,2
1383,557,2
1384,610,3
1385,777,4
1386,731,1
1387,1178,4
1388,1000,3
1389,719,4
1390,832,3
1391,155,0
1392,406,5
1393,19,11
1394,780,9
1395,1380,8
1396,413,12
1397,300,5
1398,470,9
1399,235,18
1400,205,7
1401,231,1
1402,250,2
1403,305,1
1404,328,6
1405,371,3
1406,475,3
1407,537,2
1408,559,3
1409,664,5
1410,772,4
1411,660,2
1412,812,2
1413,393,5
1414,918,3
1415,284,2
1416,305,0
1417,1,0
1418,281,6
1419,877,5
1420,681,7
1421,1242,5
1422,1087,6
1423,216,13
1424,269,12
1425,547,6
1426,242,12
1427,232,1
1428,327,1
1429,407,2
1430,363,2
1431,391,3
1432,503,3
1433,543,2
1434,563,9
1435,736,2
1436,757,2
1437,461,6
1438,675,4
1439,642,4
1440,1062,3
1441,285,6
1442,611,0
1443,302,0
1444,133,6
1445,292,4
1446,20,9
1447,445,8
1448,1240,5
1449,805,4
1450,507,5
1451,204,5
1452,282,11
1453,190,32
1454,233,7
1455,188,1
1456,309,1
1457,404,1
1458,428,3
1459,386,4
1460,428,3
1461,500,2
1462,548,4
1463,623,4
1464,630,5
1465,609,2
1466,299,4
1467,460,6
1468,1150,3
1469,633,2
1470,1,3
1471,271,0
1472,375,0
1473,457,6
1474,514,5
1475,318,7
1476,484,6
1477,432,5
1478,572,7
1479,149,11
1480,251,15
1481,254,11
1482,304,10
1483,291,1
1484,350,3
1485,445,1
1486,477,3
1487,440,2
1488,435,3
1489,492,5
1490,544,4
1491,479,4
1492,492,3
1493,379,4
1494,147,8
1495,805,6
1496,895,3
1497,429,4
1498,1,5
1499,27,0
1500,316,0
1501,195,5
1502,333,4
1503,1,6
1504,924,6
1505,362,11
1506,341,8
1507,113,9
1508,295,8
1509,628,8
1510,268,23
1511,305,1
1512,441,3
1513,471,2
1514,453,3
1515,473,2
1516,446,2
1517,452,1
1518,410,2
1519,342,2
1520,344,5
1521,168,5
1522,317,4
1523,1144,9
1524,899,4
1525,76,7
1526,97,0
1527,497,7
1528,254,4
1529,125,11
1530,431,8
1531,261,11
1532,242,8
1533,121,7
1534,437,5
1535,679,8
1536,426,12
1537,190,1
1538,438,1
1539,568,2
1540,519,5
1541,455,3
1542,358,1
1543,394,1
1544,361,2
1545,321,5
1546,299,5
1547,214,5
1548,20,6
1549,1306,4
1550,870,8
1551,516,5
1552,12,6
1553,133,6
1554,654,5
1555,397,13
1556,200,8
1557,217,7
1558,114,14
1559,158,11
1560,576,13
1561,472,14
1562,286,1
1563,547,2
1564,635,2
1565,569,4
1566,435,2
1567,347,1
1568,311,3
1569,287,6
1570,265,5
1571,141,6
1572,6,8
1573,4,8
1574,1213,4
1575,895,3
1576,428,5
1577,141,4
1578,1069,6
1579,1,4
1580,616,7
1581,152,14
1582,151,5
1583,146,8
1584,108,18
1585,458,9
1586,929,11
1587,275,3
1588,425,3
1589,595,5
1590,482,5
1591,351,5
1592,275,1
1593,259,3
1594,237,5
1595,123,6
1596,62,8
1597,-24,5
1598,214,7
1599,1085,7
1600,833,6
1601,332,4
1602,1026,6
1603,79,4
1604,291,10
1605,134,11
1606,122,19
1607,241,6
1608,161,17
1609,1172,6
1610,787,10
1611,185,1
1612,385,1
1613,662,2
1614,512,4
1615,340,2
1616,283,3
1617,226,4
1618,186,5
1619,121,6
1620,91,15
1621,67,4
1622,-10,3
1623,1022,4
1624,929,7
1625,441,6
1626,240,7
1627,1,6
1628,350,4
1629,1211,6
1630,813,12
1631,98,18
1632,151,6
1633,134,14
1634,210,12
1635,574,5
1636,829,13
1637,280,2
1638,407,1
1639,620,6
1640,414,7
1641,332,4
1642,219,2
1643,167,7
1644,150,7
1645,115,13
1646,96,5
1647,-2,5
1648,365,6
1649,1156,4
1650,628,8
1651,521,5
1652,74,13
1653,1356,5
1654,535,22
1655,272,15
1656,144,12
1657,149,11
1658,153,13
1659,256,12
1660,459,11
1661,329,1
1662,500,1
1663,479,8
1664,390,4
1665,262,5
1666,184,6
1667,165,7
1668,153,7
1669,118,12
1670,72,8
1671,-3,6
1672,828,6
1673,920,9
1674,840,5
1675,139,11
1676,86,5
1677,225,6
1678,158,4
1679,895,15
1680,119,27
1681,100,18
1682,121,9
1683,130,9
1684,244,9
1685,592,10
1686,250,1
1687,363,1
1688,629,3
1689,465,7
1690,318,5
1691,227,3
1692,189,7
1693,151,4
1694,137,8
1695,105,9
1696,42,6
1697,38,8
1698,752,7
1699,745,5
1700,425,5
1701,27,7
1702,693,4
1703,1027,10
1704,381,26
1705,254,8
1706,187,8
1707,94,15
1708,137,9
1709,220,11
1710,319,1
1711,423,6
1712,535,3
1713,345,6
1714,296,4
1715,212,5
1716,178,13
1717,146,12
1718,121,8
1719,79,8
1720,18,4
1721,302,11
1722,573,5
1723,241,12
1724,202,5
1725,109,5
1726,199,6
1727,1,4
1728,336,10
1729,791,24
1730,163,23
1731,90,7
1732,96,12
1733,92,8
1734,135,15
1735,291,5
1736,377,2
1737,438,4
1738,390,3
1739,326,10
1740,273,5
1741,204,8
1742,167,10
1743,140,8
1744,108,10
1745,47,8
1746,16,11
1747,396,7
1748,316,5
1749,43,8
1750,410,5
1751,1354,6
1752,439,31
1753,91,15
1754,106,13
1755,89,11
1756,86,11
1757,191,7
1758,371,7
1759,468,4
1760,511,3
1761,363,6
1762,291,9
1763,229,7
1764,181,15
1765,149,15
1766,132,11
1767,96,13
1768,21,16
1769,180,11
1770,176,9
1771,78,13
1772,1,12
1773,322,15
1774,127,4
1775,1000,11
1776,140,25
1777,83,8
1778,113,8
1779,81,13
1780,95,7
1781,495,8
1782,462,3
1783,425,5
1784,321,2
1785,263,11
1786,211,18
1787,171,15
1788,151,16
1789,137,14
1790,80,18
1791,123,15
1792,80,15
1793,169,9
1794,81,4
1795,76,8
1796,199,16
1797,1343,9
1798,507,14
1799,81,13
1800,102,9
1801,79,7
1802,85,15
1803,427,4
1804,511,8
1805,493,11
1806,355,5
1807,296,9
1808,245,12
1809,199,14
1810,173,8
1811,157,13
1812,156,17
1813,106,14
1814,127,16
1815,78,4
1816,298,6
1817,564,6
1818,263,31
1819,601,16
1820,430,12
1821,78,7
1822,75,9
1823,83,12
1824,141,17
1825,611,9
1826,520,5
1827,395,2
1828,337,6
1829,293,17
1830,244,6
1831,196,11
1832,178,13
1833,194,23
1834,207,11
1835,241,10
1836,1,37
1837,716,12
1838,110,8
1839,1149,13
1840,610,13
1841,77,23
1842,74,9
1843,94,14
1844,138,20
1845,578,8
1846,497,7
1847,402,3
1848,327,16
1849,281,9
1850,228,10
1851,197,19
1852,209,10
1853,261,4
1854,267,8
1855,91,15
1856,612,6
1857,372,8
1858,642,12
1859,831,8
1860,271,16
1861,96,12
1862,97,15
1863,97,20
1864,891,2
1865,513,7
1866,396,12
1867,354,14
1868,327,7
1869,276,10
1870,232,9
1871,221,8
1872,246,7
1873,342,7
1874,404,6
1875,11,11
1876,129,7
1877,706,6
1878,100,5
1879,1568,8
1880,678,11
1881,77,29
1882,73,45
1883,233,16
1884,554,11
1885,870,2
1886,432,10
1887,402,11
1888,365,8
1889,317,8
1890,279,6
1891,245,12
1892,257,5
1893,300,6
1894,320,12
1895,66,8
1896,581,11
1897,965,6
1898,245,5
1899,968,8
1900,729,17
1901,254,21
1902,122,27
1903,145,19
1904,528,14
1905,458,6
1906,436,6
1907,438,13
1908,352,8
1909,316,6
1910,295,7
1911,276,6
1912,298,7
1913,446,7
1914,141,15
1915,1,5
1916,1081,5
1917,6,7
1918,45,5
1919,1342,12
1920,492,14
1921,178,18
1922,200,21
1923,216,32
1924,654,2
1925,488,4
1926,458,7
1927,512,4
1928,418,4
1929,330,4
1930,308,13
1931,315,10
1932,356,10
1933,179,10
1934,20,11
1935,113,14
1936,243,16
1937,1,7
1938,853,17
1939,1134,15
1940,364,15
1941,164,26
1942,272,22
1943,648,10
1944,644,2
1945,459,4
1946,485,5
1947,503,3
1948,381,6
1949,349,5
1950,334,13
1951,414,4
1952,485,7
1953,108,14
1954,1,9
1955,492,6
1956,358,5
1957,1414,5
1958,7,6
1959,424,21
1960,1267,15
1961,742,15
1962,267,26
1963,474,10
1964,316,26
1965,488,6
1966,470,8
1967,487,3
1968,485,4
1969,447,6
1970,318,10
1971,397,10
1972,522,5
1973,163,7
1974,34,9
1975,1,15
1976,158,4
1977,1,4
1978,1585,13
1979,921,18
1980,174,14
1981,370,17
1982,1429,8
1983,489,6
1984,476,9
1985,515,5
1986,590,8
1987,439,6
1988,395,7
1989,568,4
1990,598,5
1991,122,8
1992,1,4
1993,673,17
1994,469,29
1995,501,18
1996,738,9
1997,295,12
1998,1625,6
1999,524,3
2000,476,11
2001,522,10
2002,678,5
2003,584,4
2004,376,8
2005,528,12
2006,560,10
2007,520,6
2008,74,16
2009,111,4
2010,108,24
2011,695,20
2012,683,14
2013,684,11
2014,56,31
2015,274,12
2016,499,11
2017,536,4
2018,564,5
2019,690,5
2020,613,6
2021,551,7
2022,599,4
2023,579,7
2024,322,6
2025,19,12
2026,62,14
2027,926,16
2028,651,20
2029,277,21
2030,304,13
2031,218,8
2032,510,10
2033,463,3
2034,604,6
2035,664,9
2036,607,11
2037,595,9
2038,610,6
2039,610,10
2040,157,9
2041,279,9
2042,1301,8
2043,875,12
2044,809,9
2045,621,10
2046,78,22
2047,275,10
2048,562,4
2049,526,5
2050,532,4
2051,670,4
2052,662,10
2053,625,15
2054,604,6
2055,566,12
2056,799,6
2057,66,9
2058,689,11
2059,1046,11
2060,395,22
2061,946,8
2062,201,16
2063,143,16
2064,561,4
2065,519,3
2066,583,5
2067,611,5
2068,655,6
2069,630,5
2070,667,4
2071,612,9
2072,376,9
2073,785,9
2074,1151,10
2075,797,11
2076,1172,9
2077,1188,8
2078,59,30
2079,584,4
2080,470,3
2081,590,6
2082,612,6
2083,634,11
2084,625,8
2085,675,7
2086,471,7
2087,210,8
2088,1087,10
2089,851,14
2090,481,12
2091,764,14
2092,350,9
2093,90,19
2094,577,4
2095,523,5
2096,519,4
2097,588,5
2098,666,4
2099,629,6
2100,638,8
2101,305,10
2102,240,9
2103,831,10
2104,939,12
2105,385,10
2106,826,13
2107,954,11
2108,127,17
2109,550,6
2110,491,5
2111,547,7
2112,530,8
2113,638,5
2114,610,6
2115,339,9
2116,218,10
2117,41,8
2118,717,10
2119,649,20
2120,218,21
2121,974,9
2122,928,9
2123,329,11
2124,553,3
2125,521,6
2126,516,4
2127,650,5
2128,620,9
2129,488,12
2130,306,8
2131,99,5
2132,863,10
2133,686,9
2134,357,12
2135,1285,9
2136,975,8
2137,232,9
2138,553,5
2139,509,5
2140,542,5
2141,625,6
2142,575,11
2143,244,16
2144,154,9
2145,15,12
2146,222,11
2147,1107,9
2148,758,11
2149,69,12
2150,318,17
2151,897,9
2152,519,9
2153,585,4
2154,524,4
2155,467,16
2156,611,5
2157,587,8
2158,420,9
2159,158,9
2160,23,9
2161,349,16
2162,210,21
2163,18,14
2164,573,8
2165,1526,8
2166,269,11
2167,549,10
2168,462,8
2169,549,13
2170,596,9
2171,476,14
2172,265,15
2173,91,15
2174,1033,12
2175,382,8
2176,351,9
2177,645,8
2178,1383,9
2179,441,13
2180,513,13
2181,536,5
2182,571,20
2183,470,26
2184,371,16
2185,132,23
2186,-2,51
2187,642,11
2188,198,18
2189,143,20
2190,1027,9
2191,159,19
2192,528,11
2193,406,22
2194,531,27
2195,563,23
2196,419,27
2197,137,28
2198,71,31
2199,269,9
2200,294,22
2201,406,8
2202,568,18
2203,511,12
2204,506,15
2205,739,6
2206,467,28
2207,356,8
2208,165,9
2209,13,16
2210,233,9
2211,180,16
2212,468,10
2213,160,14
2214,486,11
2215,405,15
2216,600,8
2217,537,15
2218,413,13
2219,223,13
2220,79,7
2221,1211,13
2222,334,12
2223,1,14
2224,470,10
2225,497,7
2226,415,15
2227,551,17
2228,504,8
2229,197,24
2230,193,6
2231,60,7
2232,763,7
2233,575,9
2234,1,12
2235,432,9
2236,479,19
2237,551,9
2238,424,6
2239,359,7
2240,160,8
2241,300,12
2242,255,16
2243,94,12
2244,495,5
2245,400,13
2246,465,11
2247,599,6
2248,293,10
2249,244,10
2250,77,11
2251,743,8
2252,299,9
2253,449,13
2254,376,27
2255,516,9
2256,275,12
2257,358,8
2258,176,10
2259,1,8
2260,83,6
2261,249,11
2262,292,9
2263,452,15
2264,435,9
2265,543,13
2266,471,6
2267,249,15
2268,94,10
2269,72,11
2270,480,5
2271,456,13
2272,516,14
2273,395,9
2274,322,7
2275,193,13
2276,1,19
2277,313,8
2278,467,11
2279,545,13
2280,450,26
2281,253,16
2282,308,17
2283,73,10
2284,29,19
2285,521,9
2286,538,22
2287,349,19
2288,142,24
2289,268,11
2290,630,8
2291,461,11
2292,602,10
2293,458,8
2294,163,20
2295,301,12
2296,23,21
2297,36,8
2298,585,10
2299,582,7
2300,761,8
2301,332,15
2302,294,12
2303,205,11
2304,213,11
2305,386,10
2306,79,25
2307,461,7
2308,728,10
2309,509,7
2310,219,30
2311,199,14
2312,55,17
2313,66,22
2314,423,8
2315,364,12
2316,121,0
2317,275,19
2318,617,7
2319,820,3
2320,344,7
2321,235,14
2322,151,17
2323,11,31
2324,21,15
2325,122,18
2326,351,16
2327,1,10
2328,390,8
2329,506,10
2330,791,8
2331,504,7
2332,192,24
2333,85,24
2334,-40,26
2335,42,9
2336,70,15
2337,182,17
2338,645,8
2339,584,0
2340,86,45
2341,577,10
2342,544,4
2343,281,10
2344,135,12
2345,148,15
2346,19,19
2347,58,15
2348,125,10
2349,166,19
2350,224,11
2351,1,0
2352,379,23
2353,498,10
2354,325,4
2355,245,10
2356,231,8
2357,27,14
2358,41,7
2359,97,9
2360,150,19
2361,195,12
2362,114,12
2363,200,21
2364,352,6
2365,276,5
2366,195,14
2367,-2,26
2368,10,17
2369,25,21
2370,120,13
2371,156,11
2372,41,14
2373,237,0
2374,131,27
2375,290,12
2376,295,5
2377,236,10
2378,240,6
2379,77,8
2380,-1,21
2381,92,11
2382,147,13
2383,172,11
2384,83,20
2385,634,10
2386,293,6
2387,236,5
2388,184,13
2389,126,12
2390,26,7
2391,60,14
2392,118,16
2393,158,12
2394,7,23
2395,648,5
2396,240,13
2397,214,9
2398,191,8
2399,87,12
2400,24,26
2401,75,20
2402,133,17
2403,170,19
2404,186,7
2405,271,4
2406,233,11
2407,176,14
2408,122,15
2409,33,23
2410,48,18
2411,100,17
2412,160,13
2413,63,19
2414,254,7
2415,195,16
2416,155,15
2417,74,13
2418,89,14
2419,66,29
2420,109,22
2421,182,12
2422,220,13
2423,172,10
2424,114,13
2425,62,28
2426,54,11
2427,105,17
2428,143,10
2429,194,9
2430,192,10
2431,149,9
2432,64,28
2433,110,9
2434,54,22
2435,116,12
2436,178,21
2437,44,13
2438,206,11
2439,155,16
2440,96,17
2441,121,9
2442,77,10
2443,83,21
2444,163,12
2445,173,18
2446,170,15
2447,126,18
2448,121,11
2449,111,9
2450,44,19
2451,151,14
2452,190,10
2453,140,25
2454,103,19
2455,141,8
2456,78,7
2457,71,27
2458,177,13
2459,141,15
2460,180,7
2461,137,13
2462,142,9
2463,113,15
2464,56,11
2465,108,26
2466,204,11
2467,96,14
2468,164,13
2469,154,15
2470,135,9
2471,97,16
2472,19,31
2473,170,19
2474,215,10
2475,188,10
2476,142,14
2477,134,10
2478,88,9
2479,133,12
2480,215,13
2481,153,13
2482,204,7
2483,168,10
2484,147,9
2485,104,8
2486,73,14
2487,188,17
2488,211,13
2489,46,13
2490,215,14
2491,172,10
2492,137,11
2493,88,13
2494,138,7
2495,179,23
2496,221,9
2497,217,8
2498,156,13
2499,123,13
2500,33,10
2501,199,7
2502,148,16
2503,141,8
2504,288,7
2505,205,14
2506,143,15
2507,112,11
2508,140,8
2509,-13,16
2510,217,13
2511,235,11
2512,175,12
2513,144,10
2514,99,8
2515,-74,15
2516,28,22
2517,89,12
2518,226,11
2519,164,13
2520,103,11
2521,-43,10
2522,-66,19
2523,101,10
2524,14,10
2525,214,7
2526,183,15
2527,148,11
2528,70,8
2529,-81,12
2530,-40,18
2531,161,6
2532,242,16
2533,191,10
2534,127,13
2535,9,8
2536,-29,12
2537,3,19
2538,42,18
2539,202,14
2540,159,10
2541,161,7
2542,12,15
2543,115,3
2544,-4,21
2545,29,8
2546,295,8
2547,219,7
2548,143,13
2549,88,8
2550,81,4
2551,108,9
2552,92,6
2553,-1,9
2554,287,11
2555,161,15
2556,175,13
2557,161,7
2558,198,6
2559,102,14
2560,22,7
2561,0,6
2562,229,10
2563,195,5
2564,193,5
2565,178,5
2566,189,12
2567,126,15
2568,3,8
2569,1,7
2570,182,12
2571,202,6
2572,245,3
2573,225,3
2574,217,7
2575,34,7
2576,5,6
2577,267,6
2578,162,10
2579,227,5
2580,205,3
2581,274,4
2582,161,14
2583,11,9
2584,117,17
2585,93,10
2586,225,7
2587,160,7
2588,88,11
2589,138,8
2590,7,19
2591,83,13
2592,230,6
2593,124,9
2594,82,7
2595,189,5
2596,26,16
2597,170,5
2598,238,6
2599,195,8
2600,172,3
2601,13,28
2602,250,3
2603,173,11
2604,246,5
2605,125,4
2606,106,30
2607,36,20
2608,229,13
2609,261,7
2610,128,4
2611,57,24
2612,160,9
2613,408,9
2614,272,6
2615,219,5
2616,122,14
2617,163,19
2618,407,12
2619,290,3
2620,131,8
2621,154,11
2622,318,12
2623,866,4
2624,215,12
2625,121,37
2626,342,14
2627,438,12
2628,199,16
2629,287,13
2630,723,5
2631,280,3
2632,81,45
2633,533,7
2634,443,8
2635,279,18
2636,435,8
2637,675,5
2638,361,15
2639,720,4
2640,126,15
2641,551,12
2642,622,10
2643,497,7
2644,714,27
2645,297,47
2646,728,6
2647,347,7
2648,424,5
2649,138,16
2650,72,42
2651,1,67
2652,68,62
2653,18,49
2654,1,17
2655,386,8
2656,1045,9
2657,282,22
2658,411,33
2659,498,13
2660,81,18
2661,166,10
2662,69,24
2663,138,19
2664,233,7
2665,47,27
2666,181,10
2667,1092,8
2668,385,23
2669,1317,8
2670,242,16
2671,116,9
2672,399,12
2673,701,9
2674,197,15
2675,241,14
2676,197,11
2677,108,8
2678,103,7
2679,130,8
2680,119,8
2681,149,14
2682,163,18
2683,95,11
2684,123,4
2685,47,83
2686,106,20
2687,53,55
2688,1,54
2689,1466,5
2690,1220,5
2691,426,25
2692,502,34
2693,263,31
2694,60,11
2695,187,11
2696,711,7
2697,78,17
2698,117,14
2699,384,11
2700,451,10
2701,371,26
2702,316,19
2703,117,22
2704,100,25
2705,285,26
2706,293,11
2707,221,17
2708,200,11
2709,146,12
2710,91,14
2711,92,11
2712,147,10
2713,11,6
2714,149,9
2715,153,17
2716,242,13
2717,103,15
2718,107,30
2719,675,11
2720,451,18
2721,65,14
2722,1364,6
2723,901,10
2724,694,13
2725,791,16
2726,428,31
2727,203,12
2728,175,11
2729,374,8
2730,161,13
2731,301,10
2732,82,21
2733,225,8
2734,1228,8
2735,409,9
2736,345,25
2737,225,23
2738,124,15
2739,488,13
2740,385,13
2741,173,19
2742,293,10
2743,197,10
2744,103,16
2745,78,41
2746,126,6
2747,124,6
2748,166,14
2749,271,10
2750,143,13
2751,1349,7
2752,954,10
2753,560,14
2754,360,8
2755,1,19
2756,1422,8
2757,1038,8
2758,888,13
2759,965,12
2760,39,50
2761,243,8
2762,225,7
2763,299,12
2764,178,13
2765,104,14
2766,1025,9
2767,538,6
2768,381,8
2769,414,10
2770,245,20
2771,667,14
2772,462,12
2773,238,19
2774,304,8
2775,200,16
2776,92,8
2777,108,7
2778,51,29
2779,160,7
2780,14,6
2781,187,7
2782,247,9
2783,267,7
2784,1091,20
2785,833,17
2786,380,13
2787,94,19
2788,1023,9
2789,1009,9
2790,1210,7
2791,1257,11
2792,613,10
2793,175,9
2794,182,11
2795,238,13
2796,347,8
2797,46,32
2798,189,12
2799,634,6
2800,493,5
2801,391,10
2802,672,20
2803,695,11
2804,605,12
2805,292,14
2806,153,12
2807,180,12
2808,172,9
2809,127,10
2810,112,13
2811,26,28
2812,109,6
2813,8,8
2814,189,10
2815,273,7
2816,82,15
2817,1035,10
2818,446,23
2819,185,20
2820,1,9
2821,1015,13
2822,1168,6
2823,1550,5
2824,931,10
2825,187,18
2826,1,10
2827,17,17
2828,175,11
2829,145,13
2830,69,13
2831,974,6
2832,577,8
2833,940,6
2834,1216,6
2835,1146,8
2836,885,9
2837,306,11
2838,197,12
2839,178,13
2840,105,15
2841,80,21
2842,131,10
2843,111,9
2844,13,22
2845,50,12
2846,201,10
2847,107,6
2848,860,14
2849,309,19
2850,53,26
2851,501,10
2852,1145,6
2853,1236,7
2854,1110,15
2855,407,11
2856,1,15
2857,97,19
2858,210,8
2859,45,12
2860,299,7
2861,554,11
2862,873,6
2863,1212,9
2864,1016,26
2865,597,15
2866,277,21
2867,240,9
2868,272,12
2869,150,13
2870,154,9
2871,114,10
2872,158,8
2873,43,20
2874,46,11
2875,136,7
2876,1079,60
2877,529,16
2878,247,20
2879,1479,7
2880,1139,12
2881,1148,9
2882,1034,9
2883,358,9
2884,65,7
2885,185,9
2886,22,11
2887,56,13
2888,690,5
2889,930,6
2890,1149,6
2891,1095,6
2892,698,17
2893,268,35
2894,319,8
2895,281,7
2896,187,11
2897,166,8
2898,97,18
2899,118,18
2900,117,9
2901,6,14
2902,9,7
2903,132,6
2904,100,7
2905,340,24
2906,1172,5
2907,1012,14
2908,520,61
2909,737,6
2910,109,18
2911,481,0
2912,1650,6
2913,1350,8
2914,1165,8
2915,1072,11
2916,641,9
2917,135,8
2918,144,8
2919,11,17
2920,48,9
2921,423,7
2922,404,11
2923,548,9
2924,395,11
2925,285,22
2926,285,21
2927,216,23
2928,218,11
2929,155,9
2930,164,8
2931,107,9
2932,152,12
2933,79,12
2934,74,13
2935,167,3
2936,378,5
2937,1124,6
2938,1264,5
2939,1172,5
2940,241,56
2941,446,12
2942,1920,5
2943,1172,8
2944,1025,13
2945,945,12
2946,697,12
2947,144,8
2948,1,7
2949,86,7
2950,5,21
2951,78,5
2952,184,10
2953,320,7
2954,329,9
2955,282,13
2956,368,6
2957,222,35
2958,189,15
2959,162,9
2960,164,9
2961,144,11
2962,133,12
2963,48,17
2964,4,10
2965,39,9
2966,395,3
2967,633,17
2968,977,31
2969,814,14
2970,1348,4
2971,-109,51
2972,480,7
2973,247,0
2974,1809,5
2975,1506,11
2976,1105,10
2977,1073,13
2978,831,14
2979,985,8
2980,17,9
2981,245,8
2982,99,7
2983,228,8
2984,214,5
2985,199,8
2986,293,8
2987,321,7
2988,352,5
2989,231,10
2990,187,11
2991,145,9
2992,151,10
2993,110,11
2994,161,10
2995,17,12
2996,47,6
2997,1215,3
2998,1543,3
2999,1010,12
3000,740,34
3001,900,15
3002,1090,5
3003,-352,45
3004,425,11
3005,1370,7
3006,1265,16
3007,1271,7
3008,982,6
3009,1018,6
3010,1062,6
3011,333,10
3012,-2,8
3013,24,17
3014,53,13
3015,194,5
3016,111,6
3017,174,11
3018,265,5
3019,354,5
3020,232,12
3021,184,15
3022,157,9
3023,156,12
3024,154,9
3025,128,22
3026,92,10
3027,7,15
3028,1120,7
3029,1223,6
3030,852,32
3031,792,11
3032,895,17
3033,872,9
3034,24,36
3035,303,26
3036,171,0
3037,1422,7
3038,1003,14
3039,1057,17
3040,880,8
3041,903,9
3042,949,9
3043,16,7
3044,135,8
3045,60,9
3046,71,7
3047,187,9
3048,290,5
3049,315,7
3050,305,6
3051,187,12
3052,161,23
3053,142,13
3054,157,12
3055,156,9
3056,206,8
3057,27,17
3058,85,9
3059,1265,3
3060,1134,3
3061,908,18
3062,1084,7
3063,914,13
3064,923,11
3065,781,6
3066,-161,32
3067,288,19
3068,1286,14
3069,1043,12
3070,1080,10
3071,1207,5
3072,968,9
3073,1469,5
3074,661,10
3075,22,9
3076,123,10
3077,252,6
3078,141,5
3079,199,6
3080,319,7
3081,283,7
3082,224,8
3083,185,9
3084,147,15
3085,164,10
3086,120,23
3087,131,7
3088,47,11
3089,104,8
3090,116,7
3091,42,7
3092,664,3
3093,1130,4
3094,1019,6
3095,1092,5
3096,1151,5
3097,883,9
3098,860,11
3099,788,7
3100,383,15
3101,442,7
3102,2016,5
3103,1061,4
3104,931,15
3105,1142,7
3106,1112,5
3107,916,11
3108,0,11
3109,65,12
3110,135,5
3111,113,7
3112,171,7
3113,287,5
3114,317,6
3115,236,5
3116,173,13
3117,146,19
3118,142,19
3119,184,8
3120,131,11
3121,102,13
3122,86,15
3123,131,7
3124,111,8
3125,1000,4
3126,999,6
3127,933,21
3128,923,21
3129,958,5
3130,863,13
3131,738,10
3132,649,9
3133,863,11
3134,670,5
3135,937,12
3136,1014,10
3137,910,8
3138,967,17
3139,1039,10
3140,1336,9
3141,229,11
3142,10,11
3143,117,7
3144,88,5
3145,180,5
3146,271,5
3147,299,10
3148,257,8
3149,199,7
3150,163,10
3151,146,11
3152,168,18
3153,151,23
3154,128,13
3155,62,29
3156,131,8
3157,76,17
3158,1175,3
3159,966,4
3160,921,4
3161,811,32
3162,912,17
3163,875,10
3164,654,15
3165,615,15
3166,737,6
3167,933,4
3168,462,5
3169,2255,4
3170,1383,5
3171,1147,6
3172,864,12
3173,1136,7
3174,811,9
3175,260,7
3176,72,7
3177,102,5
3178,185,6
3179,266,6
3180,264,5
3181,265,6
3182,213,5
3183,183,5
3184,139,6
3185,155,12
3186,186,6
3187,148,9
3188,122,13
3189,49,29
3190,83,11
3191,60,9
3192,1004,4
3193,857,8
3194,937,4
3195,736,39
3196,734,17
3197,605,9
3198,534,15
3199,1224,4
3200,638,14
3201,1788,5
3202,271,10
3203,1234,11
3204,1221,5
3205,1315,4
3206,1007,7
3207,1375,5
3208,929,10
3209,96,7
3210,156,5
3211,204,5
3212,247,7
3213,288,7
3214,243,7
3215,201,7
3216,138,7
3217,143,7
3218,181,6
3219,179,5
3220,157,5
3221,83,8
3222,64,17
3223,67,7
3224,17,9
3225,1126,4
3226,939,8
3227,860,3
3228,807,9
3229,760,7
3230,612,12
3231,580,6
3232,641,13
3233,856,6
3234,624,10
3235,1691,6
3236,555,6
3237,7,6
3238,1107,6
3239,1338,8
3240,1050,10
3241,859,16
3242,915,12
3243,1023,10
3244,1,6
3245,43,5
3246,118,6
3247,156,9
3248,206,7
3249,264,6
3250,229,5
3251,217,6
3252,170,6
3253,130,8
3254,159,7
3255,147,7
3256,227,6
3257,161,6
3258,69,9
3259,10,27
3260,31,7
3261,1281,3
3262,978,2
3263,954,2
3264,785,12
3265,639,31
3266,585,23
3267,598,4
3268,820,4
3269,863,7
3270,762,6
3271,1324,8
3272,531,5
3273,534,4
3274,174,10
3275,2710,4
3276,1093,10
3277,1131,9
3278,758,13
3279,1169,7
3280,1186,8
3281,60,7
3282,120,5
3283,179,7
3284,243,6
3285,228,5
3286,197,9
3287,183,6
3288,139,7
3289,141,5
3290,170,5
3291,230,7
3292,156,9
3293,126,5
3294,42,18
3295,3,21
3296,1,17
3297,1121,6
3298,1015,2
3299,866,6
3300,769,10
3301,576,13
3302,568,21
3303,729,7
3304,809,9
3305,626,19
3306,738,11
3307,766,8
3308,329,10
3309,418,4
3310,726,6
3311,1497,6
3312,1135,3
3313,1351,4
3314,1040,8
3315,885,7
3316,85,7
3317,120,5
3318,217,7
3319,187,9
3320,185,5
3321,175,6
3322,134,7
3323,151,5
3324,158,7
3325,217,8
3326,177,9
3327,161,5
3328,86,5
3329,19,5
3330,33,8
3331,1165,4
3332,979,6
3333,989,7
3334,895,7
3335,748,8
3336,656,12
3337,828,7
3338,727,5
3339,651,10
3340,727,10
3341,738,10
3342,493,7
3343,452,11
3344,326,6
3345,161,23
3346,1811,5
3347,1295,6
3348,1123,5
3349,903,16
3350,706,10
3351,488,6
3352,54,5
3353,140,3
3354,179,5
3355,220,5
3356,192,5
3357,149,9
3358,156,5
3359,135,7
3360,160,5
3361,167,5
3362,273,6
3363,166,7
3364,135,8
3365,69,5
3366,977,3
3367,995,3
3368,918,10
3369,763,6
3370,724,16
3371,790,7
3372,864,6
3373,758,8
3374,693,10
3375,911,5
3376,801,4
3377,281,8
3378,477,9
3379,899,4
3380,1616,11
3381,1562,6
3382,1680,4
3383,1112,5
3384,1196,7
3385,736,5
3386,48,5
3387,98,5
3388,203,3
3389,186,5
3390,158,8
3391,169,5
3392,124,5
3393,124,5
3394,141,5
3395,159,5
3396,175,8
3397,180,7
3398,151,5
3399,99,7
3400,77,5
3401,5,32
3402,1135,8
3403,888,10
3404,942,9
3405,836,14
3406,659,15
3407,832,5
3408,835,19
3409,870,9
3410,780,5
3411,722,6
3412,592,13
3413,521,5
3414,501,6
3415,653,12
3416,605,24
3417,1728,10
3418,1318,8
3419,1175,3
3420,620,18
3421,960,5
3422,59,7
3423,1,5
3424,7,21
3425,69,9
3426,160,3
3427,184,3
3428,157,5
3429,109,7
3430,102,5
3431,112,5
3432,132,3
3433,150,3
3434,161,7
3435,210,7
3436,132,9
3437,108,7
3438,198,7
3439,75,5
3440,21,5
3441,1032,5
3442,1002,5
3443,949,5
3444,852,5
3445,708,12
3446,807,8
3447,839,4
3448,887,5
3449,852,8
3450,720,13
3451,544,4
3452,1017,6
3453,355,9
3454,479,12
3455,931,10
3456,1504,11
3457,1856,5
3458,1563,5
3459,804,5
3460,758,20
3461,155,7
3462,438,6
3463,77,17
3464,12,7
3465,42,15
3466,99,5
3467,153,3
3468,109,3
3469,110,3
3470,111,3
3471,132,3
3472,130,3
3473,136,3
3474,168,3
3475,173,7
3476,176,5
3477,154,5
3478,103,9
3479,59,9
3480,23,5
3481,23,6
3482,1164,4
3483,948,8
3484,874,6
3485,761,8
3486,576,25
3487,807,5
3488,808,14
3489,879,7
3490,760,5
3491,680,6
3492,426,11
3493,396,20
3494,358,15
3495,542,9
3496,1211,6
3497,1484,12
3498,1591,5
3499,1467,4
3500,1005,5
3501,38,11
3502,96,7
3503,3,9
3504,47,13
3505,66,9
3506,165,3
3507,178,3
3508,113,3
3509,127,3
3510,116,3
3511,120,3
3512,134,3
3513,153,3
3514,189,3
3515,159,5
3516,126,7
3517,162,3
3518,123,6
3519,79,6
3520,37,5
3521,954,5
3522,1219,5
3523,858,12
3524,786,7
3525,716,6
3526,722,11
3527,795,4
3528,793,9
3529,818,8
3530,687,8
3531,579,6
3532,597,9
3533,314,9
3534,432,10
3535,614,19
3536,1789,4
3537,1854,11
3538,1461,6
3539,1191,4
3540,305,4
3541,465,6
3542,12,9
3543,28,5
3544,70,5
3545,87,11
3546,133,5
3547,82,3
3548,110,3
3549,124,3
3550,117,5
3551,146,3
3552,149,3
3553,168,3
3554,191,3
3555,138,5
3556,171,4
3557,108,5
3558,68,5
3559,57,5
3560,31,5
3561,1029,6
3562,925,10
3563,776,14
3564,731,4
3565,677,10
3566,698,12
3567,750,10
3568,791,8
3569,740,7
3570,645,7
3571,402,20
3572,348,9
3573,360,6
3574,667,6
3575,1455,5
3576,1602,8
3577,1798,4
3578,1695,4
3579,761,5
3580,12,11
3581,16,9
3582,61,7
3583,72,5
3584,151,5
3585,81,3
3586,116,3
3587,140,3
3588,123,3
3589,129,3
3590,139,3
3591,161,3
3592,210,3
3593,140,3
3594,143,3
3595,106,3
3596,198,4
3597,39,5
3598,83,3
3599,1054,3
3600,938,12
3601,787,8
3602,718,9
3603,625,9
3604,618,13
3605,665,8
3606,719,6
3607,703,6
3608,580,9
3609,447,8
3610,681,4
3611,283,10
3612,403,6
3613,559,6
3614,1413,10
3615,2043,4
3616,1463,8
3617,1475,5
3618,3,3
3619,13,8
3620,28,7
3621,40,9
3622,114,9
3623,93,3
3624,107,3
3625,137,3
3626,143,3
3627,152,3
3628,182,3
3629,163,3
3630,186,5
3631,153,3
3632,155,3
3633,109,3
3634,107,3
3635,96,6
3636,89,3
3637,1,5
3638,952,4
3639,749,10
3640,725,11
3641,638,8
3642,550,7
3643,538,10
3644,629,8
3645,695,4
3646,604,6
3647,446,5
3648,266,11
3649,272,14
3650,352,8
3651,651,7
3652,1414,5
3653,840,18
3654,1716,10
3655,1392,8
3656,210,3
3657,1,5
3658,73,5
3659,104,7
3660,105,5
3661,99,7
3662,112,3
3663,145,3
3664,134,3
3665,164,3
3666,165,3
3667,193,3
3668,182,3
3669,179,3
3670,164,3
3671,75,3
3672,47,4
3673,72,4
3674,90,4
3675,802,3
3676,762,5
3677,733,11
3678,669,12
3679,543,12
3680,467,11
3681,513,14
3682,570,12
3683,582,7
3684,511,9
3685,292,8
3686,315,5
3687,357,8
3688,517,4
3689,632,9
3690,1067,10
3691,1505,8
3692,1275,13
3693,1022,7
3694,79,5
3695,41,7
3696,23,9
3697,122,5
3698,76,9
3699,134,3
3700,144,3
3701,145,3
3702,145,5
3703,199,3
3704,184,3
3705,223,3
3706,193,3
3707,173,5
3708,194,3
3709,48,3
3710,28,5
3711,85,5
3712,797,4
3713,742,3
3714,744,5
3715,660,17
3716,578,12
3717,447,7
3718,395,16
3719,495,15
3720,527,6
3721,496,11
3722,345,6
3723,202,16
3724,326,6
3725,403,12
3726,779,6
3727,1271,10
3728,878,14
3729,1971,4
3730,1982,5
3731,76,9
3732,128,5
3733,104,11
3734,122,5
3735,161,3
3736,173,3
3737,186,3
3738,151,3
3739,166,7
3740,187,3
3741,187,3
3742,159,5
3743,189,4
3744,119,3
3745,146,3
3746,28,5
3747,708,9
3748,697,4
3749,691,13
3750,608,11
3751,458,10
3752,383,9
3753,370,6
3754,476,5
3755,448,8
3756,411,6
3757,192,5
3758,246,8
3759,480,5
3760,465,10
3761,980,5
3762,1037,10
3763,2511,4
3764,1728,7
3765,322,5
3766,1,15
3767,165,5
3768,139,5
3769,123,9
3770,120,9
3771,143,9
3772,171,3
3773,172,3
3774,175,3
3775,183,3
3776,214,3
3777,218,3
3778,185,3
3779,142,7
3780,99,3
3781,87,4
3782,75,4
3783,1,3
3784,633,3
3785,670,5
3786,668,8
3787,603,5
3788,458,5
3789,372,9
3790,314,10
3791,339,9
3792,423,8
3793,417,6
3794,201,11
3795,210,9
3796,282,7
3797,368,16
3798,934,8
3799,957,12
3800,1210,11
3801,1971,6
3802,1681,6
3803,2,5
3804,201,5
3805,124,5
3806,129,7
3807,171,5
3808,133,9
3809,186,3
3810,197,3
3811,177,3
3812,212,3
3813,215,3
3814,241,3
3815,173,5
3816,91,4
3817,76,5
3818,122,3
3819,37,3
3820,597,6
3821,611,8
3822,630,8
3823,514,11
3824,373,10
3825,324,8
3826,301,17
3827,332,6
3828,362,4
3829,343,7
3830,207,10
3831,302,8
3832,333,5
3833,664,4
3834,707,15
3835,1349,7
3836,1748,5
3837,1675,7
3838,219,5
3839,97,4
3840,86,9
3841,130,11
3842,118,11
3843,162,7
3844,153,13
3845,193,3
3846,189,5
3847,191,5
3848,191,3
3849,218,3
3850,183,5
3851,196,5
3852,181,3
3853,95,3
3854,75,3
3855,58,5
3856,30,3
3857,584,5
3858,590,7
3859,569,8
3860,547,10
3861,398,8
3862,346,6
3863,312,7
3864,290,10
3865,286,13
3866,299,6
3867,240,7
3868,279,8
3869,336,3
3870,397,10
3871,639,14
3872,1006,14
3873,1537,6
3874,1897,6
3875,1537,5
3876,384,4
3877,1,4
3878,232,5
3879,167,9
3880,111,13
3881,116,15
3882,196,5
3883,205,3
3884,217,3
3885,187,5
3886,210,3
3887,243,3
3888,210,3
3889,207,3
3890,80,3
3891,82,3
3892,86,3
3893,95,3
3894,666,4
3895,507,10
3896,540,6
3897,511,12
3898,440,4
3899,382,6
3900,324,5
3901,238,13
3902,211,9
3903,170,7
3904,155,3
3905,284,8
3906,258,3
3907,365,12
3908,939,4
3909,1048,12
3910,1450,6
3911,1638,11
3912,1797,4
3913,10,4
3914,-1,10
3915,15,16
3916,77,29
3917,178,13
3918,133,9
3919,137,13
3920,169,11
3921,204,3
3922,225,3
3923,233,3
3924,194,3
3925,228,3
3926,216,3
3927,185,3
3928,261,3
3929,61,3
3930,61,3
3931,114,4
3932,607,7
3933,517,13
3934,496,9
3935,419,9
3936,381,4
3937,330,4
3938,276,5
3939,151,9
3940,127,13
3941,114,5
3942,248,4
3943,236,13
3944,409,4
3945,530,10
3946,677,11
3947,1516,8
3948,2262,5
3949,2147,8
3950,346,8
3951,96,8
3952,14,4
3953,126,7
3954,194,7
3955,100,23
3956,162,7
3957,194,13
3958,203,5
3959,224,3
3960,211,3
3961,221,3
3962,228,3
3963,252,3
3964,233,3
3965,87,5
3966,16,3
3967,67,6
3968,42,3
3969,589,5
3970,535,13
3971,464,10
3972,409,12
3973,391,4
3974,340,6
3975,236,4
3976,148,5
3977,42,9
3978,76,12
3979,115,4
3980,225,4
3981,239,12
3982,383,15
3983,819,13
3984,1228,10
3985,1716,8
3986,1877,11
3987,2435,4
3988,1034,4
3989,260,5
3990,50,4
3991,25,14
3992,35,6
3993,79,14
3994,265,4
3995,94,11
3996,162,5
3997,191,5
3998,201,7
3999,231,3
4000,216,3
4001,202,3
4002,214,3
4003,225,3
4004,249,3
4005,228,3
4006,52,7
4007,51,3
4008,65,3
4009,510,11
4010,451,7
4011,416,11
4012,345,9
4013,339,5
4014,224,8
4015,93,3
4016,34,5
4017,63,10
4018,49,11
4019,100,5
4020,194,11
4021,394,5
4022,418,15
4023,1013,13
4024,1351,14
4025,2122,8
4026,2577,5
4027,916,4
4028,811,4
4029,92,6
4030,42,4
4031,42,6
4032,44,10
4033,108,10
4034,146,8
4035,155,8
4036,148,25
4037,207,5
4038,228,5
4039,226,3
4040,213,3
4041,202,3
4042,220,3
4043,209,3
4044,217,3
4045,200,3
4046,46,3
4047,47,5
4048,524,12
4049,408,8
4050,407,9
4051,353,7
4052,329,7
4053,221,4
4054,101,4
4055,45,5
4056,50,4
4057,58,8
4058,135,4
4059,222,4
4060,302,6
4061,501,11
4062,1803,14
4063,2005,7
4064,1652,10
4065,2141,5
4066,1496,4
4067,1720,8
4068,323,4
4069,87,4
4070,53,4
4071,38,10
4072,77,6
4073,134,6
4074,90,10
4075,165,4
4076,193,13
4077,217,7
4078,215,3
4079,210,3
4080,180,3
4081,202,3
4082,186,3
4083,250,3
4084,234,3
4085,128,3
4086,43,3
4087,14,6
4088,546,4
4089,419,8
4090,387,5
4091,345,7
4092,287,6
4093,227,6
4094,85,8
4095,23,3
4096,32,6
4097,36,13
4098,72,5
4099,131,3
4100,225,8
4101,335,12
4102,1751,6
4103,2125,7
4104,2035,6
4105,2432,4
4106,1807,9
4107,935,4
4108,2379,5
4109,596,9
4110,146,6
4111,91,4
4112,68,6
4113,26,12
4114,259,4
4115,80,6
4116,101,14
4117,187,4
4118,187,5
4119,197,9
4120,234,3
4121,197,3
4122,163,3
4123,258,3
4124,215,3
4125,273,3
4126,213,3
4127,103,3
4128,47,3
4129,416,8
4130,366,10
4131,357,9
4132,297,5
4133,220,5
4134,127,6
4135,16,4
4136,25,4
4137,32,15
4138,43,5
4139,89,13
4140,190,20
4141,272,12
4142,1254,10
4143,2597,4
4144,1645,6
4145,1620,19
4146,1841,13
4147,2190,4
4148,713,5
4149,28,15
4150,2340,5
4151,982,6
4152,314,8
4153,127,4
4154,83,4
4155,76,4
4156,127,6
4157,93,8
4158,104,4
4159,142,8
4160,144,25
4161,206,7
4162,222,5
4163,235,3
4164,194,3
4165,203,3
4166,222,3
4167,206,3
4168,188,3
4169,104,5
4170,54,3
4171,450,5
4172,370,7
4173,348,4
4174,318,7
4175,246,11
4176,118,6
4177,10,6
4178,17,5
4179,27,5
4180,42,7
4181,84,15
4182,185,13
4183,373,13
4184,656,12
4185,1887,9
4186,2168,7
4187,2050,7
4188,2138,7
4189,2419,4
4190,1945,7
4191,142,7
4192,2022,3
4193,1256,7
4194,579,4
4195,210,4
4196,89,4
4197,102,4
4198,12,4
4199,88,6
4200,145,4
4201,168,4
4202,174,4
4203,165,11
4204,186,11
4205,230,3
4206,201,3
4207,212,3
4208,196,3
4209,160,3
4210,175,3
4211,154,3
4212,145,3
4213,48,3
4214,364,9
4215,308,5
4216,319,6
4217,290,5
4218,157,6
4219,6,4
4220,9,4
4221,20,3
4222,29,13
4223,68,9
4224,217,9
4225,441,13
4226,917,8
4227,1104,8
4228,2822,4
4229,2003,6
4230,2055,5
4231,1788,10
4232,2043,11
4233,1606,4
4234,1098,3
4235,2482,4
4236,851,6
4237,329,4
4238,122,6
4239,54,8
4240,12,4
4241,95,4
4242,158,4
4243,188,4
4244,168,4
4245,131,12
4246,186,7
4247,232,3
4248,215,3
4249,192,3
4250,200,3
4251,151,3
4252,158,3
4253,173,3
4254,177,3
4255,71,5
4256,330,7
4257,269,9
4258,293,5
4259,293,10
4260,206,4
4261,50,6
4262,7,8
4263,13,4
4264,19,21
4265,53,13
4266,150,11
4267,520,8
4268,680,10
4269,935,8
4270,2050,4
4271,2304,11
4272,2497,4
4273,1987,5
4274,1734,12
4275,1403,5
4276,373,11
4277,2377,5
4278,1982,5
4279,469,5
4280,351,5
4281,87,6
4282,35,6
4283,23,4
4284,97,6
4285,118,4
4286,131,8
4287,131,10
4288,118,16
4289,155,9
4290,209,3
4291,232,2
4292,191,3
4293,189,3
4294,142,3
4295,150,3
4296,170,3
4297,194,3
4298,270,5
4299,264,7
4300,263,8
4301,213,6
4302,82,10
4303,4,3
4304,10,5
4305,17,15
4306,68,23
4307,315,7
4308,710,7
4309,931,8
4310,1329,8
4311,1936,4
4312,2478,5
4313,2393,5
4314,1772,6
4315,1532,10
4316,2055,6
4317,1108,7
4318,2074,5
4319,1908,4
4320,438,5
4321,254,9
4322,128,4
4323,39,6
4324,43,4
4325,124,4
4326,117,4
4327,158,6
4328,149,6
4329,164,4
4330,130,15
4331,178,5
4332,205,3
4333,170,3
4334,158,3
4335,142,3
4336,189,3
4337,144,3
4338,155,3
4339,120,3
4340,184,5
4341,238,8
4342,192,6
4343,115,6
4344,22,13
4345,7,3
4346,9,9
4347,106,29
4348,771,11
4349,544,7
4350,912,9
4351,1355,14
4352,1754,7
4353,1834,6
4354,2547,6
4355,1963,4
4356,843,5
4357,2001,6
4358,2360,4
4359,1509,5
4360,1738,9
4361,580,4
4362,339,6
4363,202,8
4364,19,10
4365,103,4
4366,85,4
4367,123,4
4368,114,8
4369,160,4
4370,132,8
4371,152,4
4372,170,5
4373,192,3
4374,173,3
4375,155,3
4376,191,3
4377,140,3
4378,132,3
4379,128,3
4380,177,3
4381,184,6
4382,109,7
4383,56,5
4384,2,3
4385,8,5
4386,58,23
4387,1175,5
4388,1356,5
4389,807,9
4390,1528,8
4391,2036,4
4392,1300,6
4393,1342,8
4394,1760,10
4395,920,4
4396,2130,4
4397,1200,8
4398,719,5
4399,2226,4
4400,322,5
4401,226,3
4402,216,4
4403,85,4
4404,134,4
4405,67,4
4406,82,4
4407,126,4
4408,161,8
4409,189,4
4410,133,6
4411,142,8
4412,155,7
4413,147,5
4414,129,3
4415,148,3
4416,135,3
4417,193,3
4418,159,3
4419,139,5
4420,37,6
4421,39,4
4422,2,6
4423,8,4
4424,23,19
4425,810,9
4426,1660,4
4427,1641,6
4428,1428,3
4429,1751,4
4430,1287,7
4431,1338,4
4432,1022,5
4433,891,9
4434,2908,4
4435,1366,7
4436,1424,5
4437,2707,4
4438,519,5
4439,239,5
4440,167,3
4441,123,4
4442,37,6
4443,67,4
4444,57,4
4445,123,8
4446,131,10
4447,203,4
4448,130,6
4449,158,4
4450,154,4
4451,143,9
4452,122,3
4453,133,3
4454,185,3
4455,140,3
4456,207,2
4457,121,3
4458,198,7
4459,1,7
4460,3,5
4461,16,11
4462,527,15
4463,1136,3
4464,1367,7
4465,1750,5
4466,1906,5
4467,1411,11
4468,1579,5
4469,1486,3
4470,985,3
4471,2219,10
4472,1443,5
4473,361,8
4474,1475,4
4475,1246,6
4476,160,12
4477,179,3
4478,163,4
4479,50,8
4480,84,6
4481,87,4
4482,78,6
4483,170,4
4484,92,6
4485,103,10
4486,164,4
4487,157,8
4488,156,4
4489,115,9
4490,134,2
4491,165,3
4492,166,3
4493,147,3
4494,104,3
4495,141,3
4496,5,21
4497,118,15
4498,1006,9
4499,1569,5
4500,1498,11
4501,2141,4
4502,1593,10
4503,1608,6
4504,1319,5
4505,1882,4
4506,2462,5
4507,2358,5
4508,457,7
4509,1199,5
4510,2509,4
4511,398,8
4512,118,5
4513,103,8
4514,120,5
4515,141,4
4516,86,4
4517,65,6
4518,181,4
4519,81,6
4520,131,4
4521,165,4
4522,139,6
4523,160,4
4524,135,4
4525,115,2
4526,129,2
4527,181,2
4528,127,3
4529,97,3
4530,116,3
4531,945,9
4532,1615,3
4533,1974,4
4534,1851,8
4535,2120,4
4536,2115,4
4537,2541,3
4538,2100,4
4539,2606,4
4540,2453,5
4541,1379,7
4542,509,11
4543,2634,4
4544,578,5
4545,100,3
4546,50,7
4547,15,3
4548,90,4
4549,131,4
4550,90,4
4551,67,4
4552,82,8
4553,95,8
4554,121,10
4555,180,4
4556,130,8
4557,142,4
4558,115,4
4559,130,2
4560,188,2
4561,148,2
4562,111,3
4563,101,3
4564,194,2
4565,1130,5
4566,1868,3
4567,1864,5
4568,2019,4
4569,2006,5
4570,1827,10
4571,1642,5
4572,883,6
4573,1471,8
4574,1754,6
4575,355,9
4576,2220,6
4577,1571,7
4578,89,7
4579,63,5
4580,10,3
4581,44,3
4582,29,6
4583,82,4
4584,88,4
4585,62,8
4586,129,6
4587,151,4
4588,153,4
4589,178,4
4590,128,6
4591,139,4
4592,122,2
4593,133,2
4594,134,2
4595,142,2
4596,131,2
4597,161,2
4598,1652,8
4599,1759,10
4600,1857,4
4601,2198,4
4602,2086,3
4603,1837,5
4604,987,4
4605,1125,3
4606,140,5
4607,287,8
4608,2792,5
4609,160,6
4610,43,5
4611,6,3
4612,-4,3
4613,-8,5
4614,1,4
4615,40,4
4616,94,4
4617,155,6
4618,126,12
4619,125,6
4620,140,4
4621,163,4
4622,124,4
4623,121,8
4624,115,2
4625,129,2
4626,101,2
4627,156,2
4628,181,2
4629,1633,5
4630,1582,3
4631,1347,6
4632,2346,4
4633,789,3
4634,514,8
4635,102,5
4636,241,6
4637,2887,6
4638,1528,4
4639,8,5
4640,-18,3
4641,-6,6
4642,-13,3
4643,-5,6
4644,3,4
4645,3,8
4646,100,6
4647,170,4
4648,156,4
4649,167,10
4650,166,4
4651,137,4
4652,86,4
4653,140,2
4654,100,2
4655,152,2
4656,176,3
4657,161,2
4658,154,2
4659,1256,9
4660,1947,3
4661,1161,5
4662,204,5
4663,38,7
4664,475,7
4665,2653,10
4666,1100,3
4667,82,6
4668,-18,3
4669,-18,9
4670,-16,7
4671,-5,5
4672,5,3
4673,-2,6
4674,62,8
4675,142,4
4676,147,6
4677,198,4
4678,202,4
4679,188,4
4680,111,4
4681,114,4
4682,122,2
4683,118,2
4684,106,4
4685,194,2
4686,151,4
4687,773,5
4688,0,11
4689,293,7
4690,2661,4
4691,1752,6
4692,315,3
4693,-18,3
4694,-29,5
4695,-20,5
4696,-11,5
4697,-1,5
4698,9,4
4699,21,4
4700,116,4
4701,129,8
4702,192,4
4703,177,6
4704,238,4
4705,150,4
4706,137,4
4707,86,6
4708,99,2
4709,128,2
4710,100,4
4711,122,2
4712,2187,6
4713,1921,9
4714,179,17
4715,-29,3
4716,-29,3
4717,-28,3
4718,-22,5
4719,-3,3
4720,11,3
4721,-3,4
4722,25,6
4723,145,8
4724,184,10
4725,209,4
4726,221,4
4727,163,4
4728,135,8
4729,125,4
4730,94,6
4731,133,2
4732,141,2
4733,159,3
4734,146,4
4735,-29,7
4736,-27,3
4737,-29,3
4738,-26,3
4739,-15,5
4740,-5,3
4741,2,8
4742,21,6
4743,32,8
4744,213,5
4745,205,6
4746,209,4
4747,218,4
4748,147,4
4749,184,4
4750,128,4
4751,116,2
4752,134,2
4753,115,4
4754,166,3
4755,-29,3
4756,-29,3
4757,-24,3
4758,-12,3
4759,-2,3
4760,12,4
4761,23,4
4762,38,8
4763,220,4
4764,197,6
4765,190,6
4766,193,4
4767,177,4
4768,142,4
4769,108,4
4770,116,2
4771,156,4
4772,149,5
4773,-28,5
4774,-19,5
4775,-9,3
4776,23,3
4777,14,4
4778,14,14
4779,40,4
4780,204,6
4781,228,4
4782,191,4
4783,196,4
4784,191,4
4785,126,4
4786,111,4
4787,136,2
4788,194,3
4789,127,5
4790,-22,5
4791,-16,5
4792,-5,3
4793,12,7
4794,32,7
4795,63,5
4796,20,8
4797,237,4
4798,255,4
4799,199,4
4800,192,4
4801,176,4
4802,91,2
4803,103,3
4804,173,2
4805,209,3
4806,-11,3
4807,-5,5
4808,36,3
4809,57,4
4810,74,4
4811,97,4
4812,239,4
4813,262,4
4814,137,6
4815,162,6
4816,95,6
4817,140,3
4818,119,2
4819,157,2
4820,10,5
4821,46,4
4822,72,4
4823,36,8
4824,239,4
4825,258,4
4826,180,6
4827,179,4
4828,139,4
4829,120,2
4830,145,3
4831,158,2
4832,181,4
4833,61,4
4834,80,4
4835,87,8
4836,289,4
4837,263,5
4838,180,4
4839,122,6
4840,107,4
4841,97,5
4842,139,2
4843,168,4
4844,74,3
4845,24,8
4846,207,6
4847,251,4
4848,137,8
4849,95,6
4850,76,10
4851,110,2
4852,132,3
4853,180,2
4854,210,4
4855,215,4
4856,186,4
4857,160,4
4858,149,5
4859,111,2
4860,134,2
4861,117,2
4862,197,2
4863,189,4
4864,199,5
4865,136,5
4866,77,14
4867,133,2
4868,116,2
4869,161,2
4870,176,4
4871,136,4
4872,115,6
4873,113,7
4874,155,2
4875,155,2
4876,124,4
4877,122,7
4878,121,2
4879,145,2
4880,182,3
4881,138,5
4882,112,10
4883,145,5
4884,160,2
4885,180,2
4886,193,3
4887,192,2
4888,235,3
4889,141,3
4890,162,2
4891,188,3
4892,124,4
4893,150,3
4894,226,4
4895,82,4
4896,26,4
4897,29,5
4898,24,8
4899,57,7
4900,76,11
4901,86,15
4902,44,25
4903,192,2
4904,157,2
4905,179,2
4906,192,4
4907,181,3
4908,135,4
4909,113,3
4910,237,4
4911,94,3
4912,9,3
4913,1,3
4914,55,4
4915,48,4
4916,8,3
4917,14,9
4918,30,16
4919,31,10
4920,173,11
4921,51,33
4922,144,12
4923,160,2
4924,178,2
4925,177,4
4926,180,2
4927,184,2
4928,171,3
4929,161,3
4930,161,4
4931,200,4
4932,29,3
4933,1,3
4934,30,3
4935,15,3
4936,40,5
4937,63,3
4938,29,3
4939,35,8
4940,53,10
4941,84,16
4942,80,25
4943,173,11
4944,166,2
4945,185,3
4946,142,5
4947,199,3
4948,183,2
4949,127,2
4950,187,3
4951,30,6
4952,98,6
4953,17,3
4954,1,3
4955,22,3
4956,59,7
4957,74,5
4958,114,7
4959,105,4
4960,12,3
4961,10,8
4962,37,9
4963,120,16
4964,237,15
4965,96,26
4966,156,2
4967,140,2
4968,151,4
4969,112,2
4970,177,2
4971,136,2
4972,161,2
4973,117,6
4974,47,8
4975,124,5
4976,4,3
4977,1,3
4978,81,3
4979,106,4
4980,108,9
4981,121,5
4982,83,3
4983,13,7
4984,142,16
4985,242,8
4986,173,23
4987,195,22
4988,133,2
4989,142,4
4990,161,3
4991,105,2
4992,189,3
4993,164,2
4994,230,3
4995,23,5
4996,150,4
4997,98,4
4998,8,3
4999,64,5
5000,75,4
5001,113,4
5002,108,5
5003,117,6
5004,28,3
5005,37,9
5006,149,21
5007,342,10
5008,179,19
5009,133,4
5010,78,2
5011,124,2
5012,158,2
5013,168,2
5014,178,4
5015,158,2
5016,104,3
5017,23,3
5018,90,5
5019,91,3
5020,88,3
5021,83,7
5022,123,3
5023,88,5
5024,123,4
5025,67,4
5026,268,9
5027,237,24
5028,187,18
5029,124,2
5030,164,3
5031,145,2
5032,51,4
5033,89,2
5034,134,2
5035,164,2
5036,41,6
5037,54,3
5038,140,3
5039,135,3
5040,74,3
5041,97,5
5042,119,5
5043,140,5
5044,101,3
5045,56,11
5046,322,12
5047,388,18
5048,287,21
5049,89,2
5050,82,5
5051,211,3
5052,192,2
5053,111,2
5054,148,2
5055,126,3
5056,51,4
5057,146,3
5058,166,3
5059,109,3
5060,89,4
5061,115,5
5062,157,4
5063,143,3
5064,126,3
5065,182,14
5066,325,26
5067,432,22
5068,161,4
5069,73,4
5070,71,2
5071,53,2
5072,202,2
5073,115,2
5074,147,3
5075,155,3
5076,159,10
5077,369,11
5078,594,8
5079,199,3
5080,127,3
5081,48,2
5082,107,7
5083,376,8
5084,549,10
5085,553,9
5086,183,2
5087,190,2
5088,366,8
5089,514,9
5090,658,16
5091,323,12
5092,500,18
5093,535,5
5094,841,6
5095,838,8
